"","unit.num","year","name","Y","X1"
"1",1,2000,"alabama",5.27832139496826,NA
"2",1,2001,"alabama",7.63267537134868,5.27832139496826
"3",1,2002,"alabama",6.51772766121387,7.63267537134868
"4",1,2003,"alabama",6.55047384351384,6.51772766121387
"5",1,2004,"alabama",5.5840903307172,6.55047384351384
"6",1,2005,"alabama",7.15566637963764,5.5840903307172
"7",1,2006,"alabama",7.73388354802061,7.15566637963764
"8",1,2007,"alabama",8.3889026801688,7.73388354802061
"9",1,2008,"alabama",7.24851776289547,8.3889026801688
"10",1,2009,"alabama",6.6835675454367,7.24851776289547
"11",1,2010,"alabama",3.99603660118467,6.6835675454367
"12",1,2012,"alabama",0.0415319991593923,3.99603660118467
"13",1,2013,"alabama",0.0414039242639417,0.0415319991593923
"14",1,2014,"alabama",0.0206505714735897,0.0414039242639417
"15",1,2015,"alabama",0.0618153945058477,0.0206505714735897
"16",1,2016,"alabama",0.061668186102252,0.0618153945058477
"17",1,2017,"alabama",0.0410246311885656,0.061668186102252
"18",4,2000,"arizona",7.46039306388848,NA
"19",4,2001,"arizona",8.36260402766524,7.46039306388848
"20",4,2002,"arizona",8.26499118370055,8.36260402766524
"21",4,2003,"arizona",8.65641543825417,8.26499118370055
"22",4,2004,"arizona",8.10274707894199,8.65641543825417
"23",4,2005,"arizona",7.99783938454656,8.10274707894199
"24",4,2006,"arizona",8.35939978846074,7.99783938454656
"25",4,2007,"arizona",8.36619144213198,8.35939978846074
"26",4,2008,"arizona",7.21296001727289,8.36619144213198
"27",4,2009,"arizona",5.83306033559961,7.21296001727289
"28",4,2010,"arizona",6.17958306431288,5.83306033559961
"29",4,2011,"arizona",5.76195524613667,6.17958306431288
"30",4,2012,"arizona",5.56688505633001,5.76195524613667
"31",4,2013,"arizona",5.77241986019892,5.56688505633001
"32",4,2014,"arizona",4.64816508856759,5.77241986019892
"33",4,2015,"arizona",5.03395284122737,4.64816508856759
"34",4,2016,"arizona",5.61518530399461,5.03395284122737
"35",4,2017,"arizona",6.49748981256019,5.61518530399461
"36",5,2000,"arkansas",6.08529568563736,NA
"37",5,2001,"arkansas",5.27572930455856,6.08529568563736
"38",5,2002,"arkansas",5.39556314712112,5.27572930455856
"39",5,2003,"arkansas",5.76185694740489,5.39556314712112
"40",5,2004,"arkansas",5.70974285791178,5.76185694740489
"41",5,2005,"arkansas",6.5082231939411,5.70974285791178
"42",5,2006,"arkansas",7.26496680618947,6.5082231939411
"43",5,2007,"arkansas",6.95066083934495,7.26496680618947
"44",5,2008,"arkansas",5.74002088671843,6.95066083934495
"45",5,2009,"arkansas",5.97201850428208,5.74002088671843
"46",5,2010,"arkansas",4.8355269249684,5.97201850428208
"47",5,2011,"arkansas",5.44142358523837,4.8355269249684
"48",5,2012,"arkansas",5.96183948492417,5.44142358523837
"49",5,2013,"arkansas",5.27107339665604,5.96183948492417
"50",5,2014,"arkansas",5.15546246520063,5.27107339665604
"51",5,2015,"arkansas",6.0099240970089,5.15546246520063
"52",5,2016,"arkansas",7.08932888801201,6.0099240970089
"53",5,2017,"arkansas",7.9587159094731,7.08932888801201
"54",8,2000,"colorado",3.09689037539627,NA
"55",8,2001,"colorado",3.41189966665062,3.09689037539627
"56",8,2002,"colorado",4.03081592176743,3.41189966665062
"57",8,2003,"colorado",4.19543483694774,4.03081592176743
"58",8,2004,"colorado",4.7212980596995,4.19543483694774
"59",8,2005,"colorado",3.82133592176667,4.7212980596995
"60",8,2006,"colorado",3.72847941805215,3.82133592176667
"61",8,2007,"colorado",3.35146594369371,3.72847941805215
"62",8,2008,"colorado",3.27216431173091,3.35146594369371
"63",8,2009,"colorado",3.3184539222617,3.27216431173091
"64",8,2010,"colorado",2.88316462512099,3.3184539222617
"65",8,2011,"colorado",3.26059091669659,2.88316462512099
"66",8,2012,"colorado",2.98437286099889,3.26059091669659
"67",8,2013,"colorado",3.52908899034282,2.98437286099889
"68",8,2014,"colorado",3.08341016942311,3.52908899034282
"69",8,2015,"colorado",3.4665497210528,3.08341016942311
"70",8,2016,"colorado",4.02460168625396,3.4665497210528
"71",8,2017,"colorado",4.14893279832875,4.02460168625396
"72",9,2000,"connecticut",2.93102392096553,NA
"73",9,2001,"connecticut",3.2626094758414,2.93102392096553
"74",9,2002,"connecticut",2.48644813486032,3.2626094758414
"75",9,2003,"connecticut",2.69778804340339,2.48644813486032
"76",9,2004,"connecticut",2.94614504072259,2.69778804340339
"77",9,2005,"connecticut",3.1651380855648,2.94614504072259
"78",9,2006,"connecticut",3.07039738902504,3.1651380855648
"79",9,2007,"connecticut",3.09020857490354,3.07039738902504
"80",9,2008,"connecticut",3.72294623811795,3.09020857490354
"81",9,2009,"connecticut",2.97601751021321,3.72294623811795
"82",9,2010,"connecticut",3.52536598754874,2.97601751021321
"83",9,2011,"connecticut",3.62316518037928,3.52536598754874
"84",9,2012,"connecticut",3.3107101473266,3.62316518037928
"85",9,2013,"connecticut",2.58698745311085,3.3107101473266
"86",9,2014,"connecticut",2.50362817449621,2.58698745311085
"87",9,2015,"connecticut",3.09406889292821,2.50362817449621
"88",9,2016,"connecticut",2.17957824602073,3.09406889292821
"89",9,2017,"connecticut",2.96596416219907,2.17957824602073
"90",10,2000,"delaware",3.43348512728692,NA
"91",10,2001,"delaware",3.64459424983568,3.43348512728692
"92",10,2002,"delaware",3.72130409380663,3.64459424983568
"93",10,2003,"delaware",2.56722774855349,3.72130409380663
"94",10,2004,"delaware",3.37023337662478,2.56722774855349
"95",10,2005,"delaware",4.85120984440632,3.37023337662478
"96",10,2006,"delaware",4.88788131293147,4.85120984440632
"97",10,2007,"delaware",4.47376481074254,4.88788131293147
"98",10,2008,"delaware",6.44888298558392,4.47376481074254
"99",10,2009,"delaware",4.93422897065255,6.44888298558392
"100",10,2010,"delaware",5.79107150414173,4.93422897065255
"101",10,2011,"delaware",5.29032883802336,5.79107150414173
"102",10,2012,"delaware",6.2282285169823,5.29032883802336
"103",10,2013,"delaware",4.43896851363846,6.2282285169823
"104",10,2014,"delaware",5.6830610467984,4.43896851363846
"105",10,2015,"delaware",6.90451480912203,5.6830610467984
"106",10,2016,"delaware",6.00495566867815,6.90451480912203
"107",10,2017,"delaware",6.37356620881475,6.00495566867815
"108",13,2000,"georgia",6.17456291569667,NA
"109",13,2001,"georgia",6.79237697143071,6.17456291569667
"110",13,2002,"georgia",7.08723385850167,6.79237697143071
"111",13,2003,"georgia",7.45698058622073,7.08723385850167
"112",13,2004,"georgia",6.20349375294495,7.45698058622073
"113",13,2005,"georgia",5.96016859658868,6.20349375294495
"114",13,2006,"georgia",6.40030546713874,5.96016859658868
"115",13,2007,"georgia",7.39038381653538,6.40030546713874
"116",13,2008,"georgia",6.9859123396357,7.39038381653538
"117",13,2009,"georgia",5.9869994800873,6.9859123396357
"118",13,2010,"georgia",5.83216595392093,5.9869994800873
"119",13,2011,"georgia",5.68275842930597,5.83216595392093
"120",13,2012,"georgia",5.89809863075236,5.68275842930597
"121",13,2013,"georgia",5.68516460807558,5.89809863075236
"122",13,2014,"georgia",6.03833488545686,5.68516460807558
"123",13,2015,"georgia",5.89326646178398,6.03833488545686
"124",13,2016,"georgia",6.60859449169282,5.89326646178398
"125",13,2017,"georgia",6.77995074452214,6.60859449169282
"126",15,2000,"hawaii",2.88417404259843,NA
"127",15,2001,"hawaii",2.85493348820668,2.88417404259843
"128",15,2002,"hawaii",2.01675845606653,2.85493348820668
"129",15,2003,"hawaii",1.83830287878231,2.01675845606653
"130",15,2004,"hawaii",2.66966297075384,1.83830287878231
"131",15,2005,"hawaii",1.93389333727332,2.66966297075384
"132",15,2006,"hawaii",1.75608579166256,1.93389333727332
"133",15,2007,"hawaii",1.97617192695765,1.75608579166256
"134",15,2008,"hawaii",2.02670293714293,1.97617192695765
"135",15,2009,"hawaii",1.7821116091948,2.02670293714293
"136",15,2010,"hawaii",1.98485482257236,1.7821116091948
"137",15,2011,"hawaii",1.7400736051135,1.98485482257236
"138",15,2012,"hawaii",1.64885780752094,1.7400736051135
"139",15,2013,"hawaii",1.70399722248453,1.64885780752094
"140",15,2014,"hawaii",1.06017406644606,1.70399722248453
"141",15,2015,"hawaii",2.17928637510158,1.06017406644606
"142",15,2016,"hawaii",2.94096022351298,2.17928637510158
"143",15,2017,"hawaii",2.94901780153532,2.94096022351298
"144",16,2000,"idaho",1.30826593198556,NA
"145",16,2001,"idaho",2.50007197176888,1.30826593198556
"146",16,2002,"idaho",2.68582154804786,2.50007197176888
"147",16,2003,"idaho",2.05371943258666,2.68582154804786
"148",16,2004,"idaho",2.29917761290758,2.05371943258666
"149",16,2005,"idaho",2.94068017932548,2.29917761290758
"150",16,2006,"idaho",2.24693242657127,2.94068017932548
"151",16,2007,"idaho",3.38846791419868,2.24693242657127
"152",16,2008,"idaho",1.4990354033057,3.38846791419868
"153",16,2009,"idaho",1.41530159755384,1.4990354033057
"154",16,2010,"idaho",1.40343535457794,1.41530159755384
"155",16,2011,"idaho",1.95728324035186,1.40343535457794
"156",16,2012,"idaho",1.81767924981243,1.95728324035186
"157",16,2013,"idaho",1.86158495342935,1.81767924981243
"158",16,2014,"idaho",1.83882232011567,1.86158495342935
"159",16,2015,"idaho",1.93760547082905,1.83882232011567
"160",16,2016,"idaho",2.79274836148859,1.93760547082905
"161",16,2017,"idaho",1.62894495562289,2.79274836148859
"162",17,2000,"illinois",5.20340696891411,NA
"163",17,2001,"illinois",5.45304079090711,5.20340696891411
"164",17,2002,"illinois",5.33309659068228,5.45304079090711
"165",17,2003,"illinois",4.92194731350081,5.33309659068228
"166",17,2004,"illinois",3.74907474503313,4.92194731350081
"167",17,2005,"illinois",3.71136875517599,3.74907474503313
"168",17,2006,"illinois",4.00982129404921,3.71136875517599
"169",17,2007,"illinois",3.78075824051703,4.00982129404921
"170",17,2008,"illinois",4.31472786069987,3.78075824051703
"171",17,2009,"illinois",3.9072335239386,4.31472786069987
"172",17,2010,"illinois",3.63972717789739,3.9072335239386
"173",17,2011,"illinois",3.7770187990619,3.63972717789739
"174",17,2012,"illinois",4.09806832737264,3.7770187990619
"175",17,2013,"illinois",3.51209918168089,4.09806832737264
"176",17,2014,"illinois",3.5379109659878,3.51209918168089
"177",17,2015,"illinois",4.02663424215556,3.5379109659878
"178",17,2016,"illinois",7.50766261047588,4.02663424215556
"179",17,2017,"illinois",6.53830114914553,7.50766261047588
"180",18,2000,"indiana",4.97384545228014,NA
"181",18,2001,"indiana",6.13601054871601,4.97384545228014
"182",18,2002,"indiana",5.44187452596806,6.13601054871601
"183",18,2003,"indiana",5.32546842336118,5.44187452596806
"184",18,2004,"indiana",4.94143516925298,5.32546842336118
"185",18,2005,"indiana",5.52669569217165,4.94143516925298
"186",18,2006,"indiana",5.44793988127281,5.52669569217165
"187",18,2007,"indiana",5.42353837600138,5.44793988127281
"188",18,2008,"indiana",4.98069513694266,5.42353837600138
"189",18,2009,"indiana",4.73733710565732,4.98069513694266
"190",18,2010,"indiana",4.48810744066521,4.73733710565732
"191",18,2011,"indiana",4.63471323479196,4.48810744066521
"192",18,2012,"indiana",4.69588414167804,4.63471323479196
"193",18,2013,"indiana",5.32856949071207,4.69588414167804
"194",18,2014,"indiana",4.98973767174594,5.32856949071207
"195",18,2015,"indiana",4.40355577292543,4.98973767174594
"196",18,2016,"indiana",5.62310653570808,4.40355577292543
"197",18,2017,"indiana",5.82575409732192,5.62310653570808
"198",19,2000,"iowa",1.7753093391172,NA
"199",19,2001,"iowa",1.60300300443691,1.7753093391172
"200",19,2002,"iowa",1.66994179741629,1.60300300443691
"201",19,2003,"iowa",1.73351520513773,1.66994179741629
"202",19,2004,"iowa",1.59125958353012,1.73351520513773
"203",19,2005,"iowa",1.41678703734313,1.59125958353012
"204",19,2006,"iowa",1.64283769702318,1.41678703734313
"205",19,2007,"iowa",1.43370992113929,1.64283769702318
"206",19,2008,"iowa",2.45298392234781,1.43370992113929
"207",19,2009,"iowa",1.45077105184198,2.45298392234781
"208",19,2010,"iowa",1.2802184906224,1.45077105184198
"209",19,2011,"iowa",1.53291494539887,1.2802184906224
"210",19,2012,"iowa",1.65794511681524,1.53291494539887
"211",19,2013,"iowa",1.35787070355161,1.65794511681524
"212",19,2014,"iowa",2.02604659778537,1.35787070355161
"213",19,2015,"iowa",2.5308669660992,2.02604659778537
"214",19,2016,"iowa",2.4267310814759,2.5308669660992
"215",19,2017,"iowa",3.30827000700144,2.4267310814759
"216",20,2000,"kansas",1.81907211729971,NA
"217",20,2001,"kansas",2.96059229609476,1.81907211729971
"218",20,2002,"kansas",2.76392233746755,2.96059229609476
"219",20,2003,"kansas",3.12155252067202,2.76392233746755
"220",20,2004,"kansas",2.74285914906269,3.12155252067202
"221",20,2005,"kansas",3.64259047921556,2.74285914906269
"222",20,2006,"kansas",4.66895481646121,3.64259047921556
"223",20,2007,"kansas",3.80776532670447,4.66895481646121
"224",20,2008,"kansas",3.98849603785653,3.80776532670447
"225",20,2009,"kansas",4.48334877205666,3.98849603785653
"226",20,2010,"kansas",3.75028302369548,4.48334877205666
"227",20,2011,"kansas",4.07802623530211,3.75028302369548
"228",20,2012,"kansas",3.11919375079929,4.07802623530211
"229",20,2013,"kansas",4.07809200590287,3.11919375079929
"230",20,2014,"kansas",3.20590603730709,4.07809200590287
"231",20,2015,"kansas",4.36500816978301,3.20590603730709
"232",20,2016,"kansas",3.4692846369428,4.36500816978301
"233",20,2017,"kansas",4.63807710133236,3.4692846369428
"234",21,2000,"kentucky",1.80290494912227,NA
"235",21,2001,"kentucky",1.99108583497291,1.80290494912227
"236",21,2002,"kentucky",2.12720437666188,1.99108583497291
"237",21,2003,"kentucky",1.99165931938686,2.12720437666188
"238",21,2004,"kentucky",5.13735676000175,1.99165931938686
"239",21,2005,"kentucky",4.30339714952536,5.13735676000175
"240",21,2006,"kentucky",3.76845208342073,4.30339714952536
"241",21,2007,"kentucky",4.90993903218289,3.76845208342073
"242",21,2008,"kentucky",4.56889450003007,4.90993903218289
"243",21,2009,"kentucky",4.4011290980882,4.56889450003007
"244",21,2010,"kentucky",4.24024978758423,4.4011290980882
"245",21,2011,"kentucky",3.68464222810544,4.24024978758423
"246",21,2012,"kentucky",4.81034365231839,3.68464222810544
"247",21,2013,"kentucky",3.9502208604807,4.81034365231839
"248",21,2014,"kentucky",3.80565515825976,3.9502208604807
"249",21,2015,"kentucky",5.37731707576075,3.80565515825976
"250",21,2016,"kentucky",6.12857065284374,5.37731707576075
"251",21,2017,"kentucky",6.26420953982982,6.12857065284374
"252",22,2000,"louisiana",12.4779595181898,NA
"253",22,2001,"louisiana",11.2776707701756,12.4779595181898
"254",22,2002,"louisiana",12.8300143175844,11.2776707701756
"255",22,2003,"louisiana",13.2933956375544,12.8300143175844
"256",22,2004,"louisiana",12.8727891643627,13.2933956375544
"257",22,2005,"louisiana",9.46111416527627,12.8727891643627
"258",22,2006,"louisiana",11.7601533003383,9.46111416527627
"259",22,2007,"louisiana",13.8724434537951,11.7601533003383
"260",22,2008,"louisiana",9.44632794855065,13.8724434537951
"261",22,2009,"louisiana",11.5770425465219,9.44632794855065
"262",22,2010,"louisiana",10.8749072434382,11.5770425465219
"263",22,2011,"louisiana",11.125235618939,10.8749072434382
"264",22,2012,"louisiana",11.1067302438221,11.125235618939
"265",22,2013,"louisiana",10.3360804674676,11.1067302438221
"266",22,2014,"louisiana",9.73256127422482,10.3360804674676
"267",22,2015,"louisiana",11.1900680214652,9.73256127422482
"268",22,2016,"louisiana",12.3123883789009,11.1900680214652
"269",22,2017,"louisiana",13.0598109367567,12.3123883789009
"270",23,2000,"maine",1.1745618101407,NA
"271",23,2001,"maine",1.55558251898588,1.1745618101407
"272",23,2002,"maine",1.23460600635822,1.55558251898588
"273",23,2003,"maine",1.22463381535431,1.23460600635822
"274",23,2004,"maine",1.3701883552259,1.22463381535431
"275",23,2005,"maine",1.51654512821252,1.3701883552259
"276",23,2006,"maine",1.96431148238277,1.51654512821252
"277",23,2007,"maine",1.95924764890282,1.96431148238277
"278",23,2008,"maine",2.63057220958295,1.95924764890282
"279",23,2009,"maine",2.03070119360103,2.63057220958295
"280",23,2010,"maine",2.03257999896113,2.03070119360103
"281",23,2011,"maine",2.63524451304446,2.03257999896113
"282",23,2012,"maine",2.48551809118236,2.63524451304446
"283",23,2013,"maine",2.25870278181835,2.48551809118236
"284",23,2014,"maine",2.17920586732393,2.25870278181835
"285",23,2015,"maine",2.10766557971342,2.17920586732393
"286",23,2016,"maine",1.72754380825766,2.10766557971342
"287",23,2017,"maine",2.62159913052792,1.72754380825766
"288",24,2000,"maryland",8.69887106729123,NA
"289",24,2001,"maryland",8.94935169296244,8.69887106729123
"290",24,2002,"maryland",9.90737978479113,8.94935169296244
"291",24,2003,"maryland",9.86123495775043,9.90737978479113
"292",24,2004,"maryland",9.71707798991696,9.86123495775043
"293",24,2005,"maryland",10.2997311162208,9.71707798991696
"294",24,2006,"maryland",10.1468413202835,10.2997311162208
"295",24,2007,"maryland",10.2769869077201,10.1468413202835
"296",24,2008,"maryland",9.4283781870249,10.2769869077201
"297",24,2009,"maryland",8.18443707476701,9.4283781870249
"298",24,2010,"maryland",7.70756026792519,8.18443707476701
"299",24,2011,"maryland",7.34715980894644,7.70756026792519
"300",24,2012,"maryland",6.84550825945394,7.34715980894644
"301",24,2013,"maryland",6.85381983974891,6.84550825945394
"302",24,2014,"maryland",5.65610385076613,6.85381983974891
"303",24,2015,"maryland",8.26830464844087,5.65610385076613
"304",24,2016,"maryland",7.32760314767185,8.26830464844087
"305",24,2017,"maryland",8.16612283940075,7.32760314767185
"306",25,2000,"massachusetts",1.76070065825052,NA
"307",25,2001,"massachusetts",2.36024755401763,1.76070065825052
"308",25,2002,"massachusetts",2.66471109077689,2.36024755401763
"309",25,2003,"massachusetts",2.2265247607459,2.66471109077689
"310",25,2004,"massachusetts",2.68235281641587,2.2265247607459
"311",25,2005,"massachusetts",2.77982099826808,2.68235281641587
"312",25,2006,"massachusetts",2.93287888271043,2.77982099826808
"313",25,2007,"massachusetts",2.90753765922073,2.93287888271043
"314",25,2008,"massachusetts",2.56609749284546,2.90753765922073
"315",25,2009,"massachusetts",2.65434600059869,2.56609749284546
"316",25,2010,"massachusetts",3.34472218874955,2.65434600059869
"317",25,2011,"massachusetts",2.78233561651189,3.34472218874955
"318",25,2012,"massachusetts",1.83096363616171,2.78233561651189
"319",25,2013,"massachusetts",2.02563500678588,1.83096363616171
"320",25,2014,"massachusetts",1.95160839144297,2.02563500678588
"321",25,2015,"massachusetts",1.92763539026744,1.95160839144297
"322",25,2016,"massachusetts",1.93377636345151,1.92763539026744
"323",25,2017,"massachusetts",2.47696206722009,1.93377636345151
"324",26,2000,"michigan",6.97315736326231,NA
"325",26,2001,"michigan",6.74599043951029,6.97315736326231
"326",26,2002,"michigan",6.87919278812985,6.74599043951029
"327",26,2003,"michigan",6.3339345923655,6.87919278812985
"328",26,2004,"michigan",6.54380295396017,6.3339345923655
"329",26,2005,"michigan",6.46693005975344,6.54380295396017
"330",26,2006,"michigan",7.31361175741806,6.46693005975344
"331",26,2007,"michigan",6.73913469510515,7.31361175741806
"332",26,2008,"michigan",5.67011454536187,6.73913469510515
"333",26,2009,"michigan",6.47370710424214,5.67011454536187
"334",26,2010,"michigan",6.13134432253704,6.47370710424214
"335",26,2011,"michigan",6.7600929047259,6.13134432253704
"336",26,2012,"michigan",7.38612882984926,6.7600929047259
"337",26,2013,"michigan",6.43576656082622,7.38612882984926
"338",26,2014,"michigan",5.80026018597688,6.43576656082622
"339",26,2015,"michigan",6.15147756779638,5.80026018597688
"340",26,2016,"michigan",6.08929560113707,6.15147756779638
"341",26,2017,"michigan",5.88385825133938,6.08929560113707
"342",27,2000,"minnesota",2.29037402415878,NA
"343",27,2001,"minnesota",2.34807927115619,2.29037402415878
"344",27,2002,"minnesota",2.31124730645047,2.34807927115619
"345",27,2003,"minnesota",2.49328593715495,2.31124730645047
"346",27,2004,"minnesota",2.37827880621411,2.49328593715495
"347",27,2005,"minnesota",2.34393403544575,2.37827880621411
"348",27,2006,"minnesota",2.40144629039489,2.34393403544575
"349",27,2007,"minnesota",2.13166262194887,2.40144629039489
"350",27,2008,"minnesota",2.24889642078605,2.13166262194887
"351",27,2009,"minnesota",1.68522209807122,2.24889642078605
"352",27,2010,"minnesota",1.97966600206451,1.68522209807122
"353",27,2011,"minnesota",1.53395235169861,1.97966600206451
"354",27,2012,"minnesota",2.04592164120114,1.53395235169861
"355",27,2013,"minnesota",2.34590324940849,2.04592164120114
"356",27,2014,"minnesota",2.01778512496143,2.34590324940849
"357",27,2015,"minnesota",2.66301723865906,2.01778512496143
"358",27,2016,"minnesota",2.20878084530767,2.66301723865906
"359",27,2017,"minnesota",2.38858293276678,2.20878084530767
"360",28,2000,"mississippi",6.10879339744758,NA
"361",28,2001,"mississippi",6.62461961013588,6.10879339744758
"362",28,2002,"mississippi",6.78634657032387,6.62461961013588
"363",28,2003,"mississippi",6.44978649463517,6.78634657032387
"364",28,2004,"mississippi",6.26512196219466,6.44978649463517
"365",28,2005,"mississippi",5.64360691176668,6.26512196219466
"366",28,2006,"mississippi",6.19626035033656,5.64360691176668
"367",28,2007,"mississippi",5.25893421209896,6.19626035033656
"368",28,2008,"mississippi",6.51331871907446,5.25893421209896
"369",28,2009,"mississippi",5.47524075850335,6.51331871907446
"370",28,2010,"mississippi",5.86392262048592,5.47524075850335
"371",28,2011,"mississippi",6.54698553284069,5.86392262048592
"372",28,2012,"mississippi",5.99912794799326,6.54698553284069
"373",28,2013,"mississippi",4.91836682116584,5.99912794799326
"374",28,2014,"mississippi",5.78474786022845,4.91836682116584
"375",28,2015,"mississippi",5.35351071521899,5.78474786022845
"376",28,2016,"mississippi",5.25382676024948,5.35351071521899
"377",28,2017,"mississippi",5.31832517578068,5.25382676024948
"378",29,2000,"missouri",6.11704238325678,NA
"379",29,2001,"missouri",6.86031303590656,6.11704238325678
"380",29,2002,"missouri",6.20283444863939,6.86031303590656
"381",29,2003,"missouri",5.65733405051281,6.20283444863939
"382",29,2004,"missouri",6.55909860934931,5.65733405051281
"383",29,2005,"missouri",7.33986149249607,6.55909860934931
"384",29,2006,"missouri",6.09306923643573,7.33986149249607
"385",29,2007,"missouri",6.81091077333221,6.09306923643573
"386",29,2008,"missouri",8.22091332827812,6.81091077333221
"387",29,2009,"missouri",7.07924459427541,8.22091332827812
"388",29,2010,"missouri",7.51386684125554,7.07924459427541
"389",29,2011,"missouri",6.68925148773446,7.51386684125554
"390",29,2012,"missouri",7.021817933723,6.68925148773446
"391",29,2013,"missouri",6.70456761498499,7.021817933723
"392",29,2014,"missouri",7.16609979074658,6.70456761498499
"393",29,2015,"missouri",8.74542656188625,7.16609979074658
"394",29,2016,"missouri",9.47890188646575,8.74542656188625
"395",29,2017,"missouri",10.4442711372076,9.47890188646575
"396",30,2000,"montana",1.32776703884714,NA
"397",30,2001,"montana",2.09490816032883,1.32776703884714
"398",30,2002,"montana",1.42595925924707,2.09490816032883
"399",30,2003,"montana",2.39226645498733,1.42595925924707
"400",30,2004,"montana",3.11824939328544,2.39226645498733
"401",30,2005,"montana",2.44654303469198,3.11824939328544
"402",30,2006,"montana",2.20428008212518,2.44654303469198
"403",30,2007,"montana",1.55487785916124,2.20428008212518
"404",30,2008,"montana",2.86763312730755,1.55487785916124
"405",30,2009,"montana",2.84558050858654,2.86763312730755
"406",30,2010,"montana",2.32460595402334,2.84558050858654
"407",30,2011,"montana",1.90529481428891,2.32460595402334
"408",30,2012,"montana",2.29139809156427,1.90529481428891
"409",30,2013,"montana",1.57858803193484,2.29139809156427
"410",30,2014,"montana",2.93573385028345,1.57858803193484
"411",30,2015,"montana",3.68751958994782,2.93573385028345
"412",30,2016,"montana",3.45866843186855,3.68751958994782
"413",30,2017,"montana",3.8933044659051,3.45866843186855
"414",31,2000,"nebraska",1.69212636099474,NA
"415",31,2001,"nebraska",1.04661142108899,1.69212636099474
"416",31,2002,"nebraska",1.04149067402962,1.04661142108899
"417",31,2003,"nebraska",1.20783852694314,1.04149067402962
"418",31,2004,"nebraska",1.7149030793943,1.20783852694314
"419",31,2005,"nebraska",0.85154842727521,1.7149030793943
"420",31,2006,"nebraska",0.958992899503749,0.85154842727521
"421",31,2007,"nebraska",1.28964248867357,0.958992899503749
"422",31,2008,"nebraska",1.28035413482018,1.28964248867357
"423",31,2009,"nebraska",2.59284166067647,1.28035413482018
"424",31,2010,"nebraska",3.17574866906016,2.59284166067647
"425",31,2011,"nebraska",3.85756773291288,3.17574866906016
"426",31,2012,"nebraska",3.02159958086097,3.85756773291288
"427",31,2013,"nebraska",3.4308737899469,3.02159958086097
"428",31,2014,"nebraska",3.03268597015624,3.4308737899469
"429",31,2015,"nebraska",3.33067760256769,3.03268597015624
"430",31,2016,"nebraska",2.25612353902884,3.33067760256769
"431",31,2017,"nebraska",2.3988631474649,2.25612353902884
"432",33,2000,"new hampshire",1.20979254477442,NA
"433",33,2001,"new hampshire",1.35402388020234,1.20979254477442
"434",33,2002,"new hampshire",1.10315352193581,1.35402388020234
"435",33,2003,"new hampshire",0.859482435304413,1.10315352193581
"436",33,2004,"new hampshire",1.08516953060992,0.859482435304413
"437",33,2005,"new hampshire",1.38622340376375,1.08516953060992
"438",33,2006,"new hampshire",0.917158429182758,1.38622340376375
"439",33,2007,"new hampshire",0.838069696923522,0.917158429182758
"440",33,2008,"new hampshire",0.987912510468073,0.838069696923522
"441",33,2009,"new hampshire",0.835801480432368,0.987912510468073
"442",33,2010,"new hampshire",0.987489270549272,0.835801480432368
"443",33,2011,"new hampshire",1.28805931134288,0.987489270549272
"444",33,2012,"new hampshire",1.132963030661,1.28805931134288
"445",33,2013,"new hampshire",1.73400642939427,1.132963030661
"446",33,2014,"new hampshire",1.20009930821776,1.73400642939427
"447",33,2015,"new hampshire",1.12250747215807,1.20009930821776
"448",33,2016,"new hampshire",1.34090897239441,1.12250747215807
"449",33,2017,"new hampshire",1.11130291376215,1.34090897239441
"450",34,2000,"new jersey",3.53473368094711,NA
"451",34,2001,"new jersey",4.16829993767567,3.53473368094711
"452",34,2002,"new jersey",4.08060993543166,4.16829993767567
"453",34,2003,"new jersey",4.89455091158395,4.08060993543166
"454",34,2004,"new jersey",4.84101044627515,4.89455091158395
"455",34,2005,"new jersey",5.01619630387239,4.84101044627515
"456",34,2006,"new jersey",5.16066226882802,5.01619630387239
"457",34,2007,"new jersey",4.49418262629661,5.16066226882802
"458",34,2008,"new jersey",4.48853128598143,4.49418262629661
"459",34,2009,"new jersey",3.81470057684212,4.48853128598143
"460",34,2010,"new jersey",4.40178191411316,3.81470057684212
"461",34,2011,"new jersey",4.50849324230104,4.40178191411316
"462",34,2012,"new jersey",4.57860808731417,4.50849324230104
"463",34,2013,"new jersey",4.74128286922571,4.57860808731417
"464",34,2014,"new jersey",4.04882042861106,4.74128286922571
"465",34,2015,"new jersey",4.19350122293543,4.04882042861106
"466",34,2016,"new jersey",4.38333763779343,4.19350122293543
"467",34,2017,"new jersey",3.88140103501778,4.38333763779343
"468",35,2000,"new mexico",6.918500069185,NA
"469",35,2001,"new mexico",5.02268396944898,6.918500069185
"470",35,2002,"new mexico",8.03100723383544,5.02268396944898
"471",35,2003,"new mexico",6.01840460083065,8.03100723383544
"472",35,2004,"new mexico",8.29915621743369,6.01840460083065
"473",35,2005,"new mexico",7.19359676733217,8.29915621743369
"474",35,2006,"new mexico",5.65709733825926,7.19359676733217
"475",35,2007,"new mexico",8.24091614867819,5.65709733825926
"476",35,2008,"new mexico",7.1618203357899,8.24091614867819
"477",35,2009,"new mexico",7.65906553508883,7.1618203357899
"478",35,2010,"new mexico",6.89595222173497,7.65906553508883
"479",35,2011,"new mexico",6.34494891595106,6.89595222173497
"480",35,2012,"new mexico",5.36514352477475,6.34494891595106
"481",35,2013,"new mexico",5.44726852931395,5.36514352477475
"482",35,2014,"new mexico",6.12339990298238,5.44726852931395
"483",35,2015,"new mexico",5.02341629624952,6.12339990298238
"484",35,2016,"new mexico",4.82609570291128,5.02341629624952
"485",35,2017,"new mexico",5.82785379730056,4.82609570291128
"486",36,2000,"new york",5.00479428769305,NA
"487",36,2001,"new york",4.99401608922111,5.00479428769305
"488",36,2002,"new york",4.7184106846137,4.99401608922111
"489",36,2003,"new york",4.78203440259171,4.7184106846137
"490",36,2004,"new york",4.67880377227381,4.78203440259171
"491",36,2005,"new york",4.67265051657876,4.67880377227381
"492",36,2006,"new york",4.94121032748552,4.67265051657876
"493",36,2007,"new york",4.15526907719314,4.94121032748552
"494",36,2008,"new york",4.36696314824419,4.15526907719314
"495",36,2009,"new york",3.97781827647971,4.36696314824419
"496",36,2010,"new york",4.42767821120975,3.97781827647971
"497",36,2011,"new york",3.94389028825479,4.42767821120975
"498",36,2012,"new york",3.4534639853005,3.94389028825479
"499",36,2013,"new york",3.29120941909491,3.4534639853005
"500",36,2014,"new york",3.26612343199366,3.29120941909491
"501",36,2015,"new york",3.27545159398784,3.26612343199366
"502",36,2016,"new york",3.39076436229268,3.27545159398784
"503",36,2017,"new york",2.87380978717524,3.39076436229268
"504",37,2000,"north carolina",7.05304658203176,NA
"505",37,2001,"north carolina",6.37018548567244,7.05304658203176
"506",37,2002,"north carolina",6.86987979271699,6.37018548567244
"507",37,2003,"north carolina",6.12644628952849,6.86987979271699
"508",37,2004,"north carolina",5.88087292263717,6.12644628952849
"509",37,2005,"north carolina",6.81185842316161,5.88087292263717
"510",37,2006,"north carolina",6.22387793573594,6.81185842316161
"511",37,2007,"north carolina",6.25134554729269,6.22387793573594
"512",37,2008,"north carolina",6.64915829067864,6.25134554729269
"513",37,2009,"north carolina",5.27008330329668,6.64915829067864
"514",37,2010,"north carolina",4.90798421013388,5.27008330329668
"515",37,2011,"north carolina",5.18807872707537,4.90798421013388
"516",37,2012,"north carolina",5.15943844384772,5.18807872707537
"517",37,2013,"north carolina",4.79499418860927,5.15943844384772
"518",37,2014,"north carolina",4.91244967759029,4.79499418860927
"519",37,2015,"north carolina",5.18285563185539,4.91244967759029
"520",37,2016,"north carolina",6.04528310877995,5.18285563185539
"521",37,2017,"north carolina",5.62760447092729,6.04528310877995
"522",38,2000,"north dakota",0.623030639089254,NA
"523",38,2001,"north dakota",1.40831406029462,0.623030639089254
"524",38,2002,"north dakota",0.783492747991125,1.40831406029462
"525",38,2003,"north dakota",1.2523148256856,0.783492747991125
"526",38,2004,"north dakota",1.24087761069016,1.2523148256856
"527",38,2005,"north dakota",1.70255181561673,1.24087761069016
"528",38,2006,"north dakota",1.07788156237393,1.70255181561673
"529",38,2007,"north dakota",1.99135445802991,1.07788156237393
"530",38,2008,"north dakota",0.456225886560954,1.99135445802991
"531",38,2009,"north dakota",1.35344858699968,0.456225886560954
"532",38,2010,"north dakota",1.3381088953019,1.35344858699968
"533",38,2011,"north dakota",2.04338992550384,1.3381088953019
"534",38,2012,"north dakota",1.99681650397366,2.04338992550384
"535",38,2013,"north dakota",1.52354781654822,1.99681650397366
"536",38,2014,"north dakota",2.03422378088969,1.52354781654822
"537",38,2015,"north dakota",2.25457612642602,2.03422378088969
"538",38,2016,"north dakota",1.8558950517861,2.25457612642602
"539",38,2017,"north dakota",2.91322817462419,1.8558950517861
"540",39,2000,"ohio",3.22962653461161,NA
"541",39,2001,"ohio",3.9166082102646,3.22962653461161
"542",39,2002,"ohio",4.35663425547005,3.9166082102646
"543",39,2003,"ohio",4.30265956832781,4.35663425547005
"544",39,2004,"ohio",4.21751147438176,4.30265956832781
"545",39,2005,"ohio",4.80663542499032,4.21751147438176
"546",39,2006,"ohio",4.5378480479371,4.80663542499032
"547",39,2007,"ohio",4.34764915653867,4.5378480479371
"548",39,2008,"ohio",4.13359824256076,4.34764915653867
"549",39,2009,"ohio",4.42366727915665,4.13359824256076
"550",39,2010,"ohio",4.1693740148662,4.42366727915665
"551",39,2011,"ohio",4.3227929088524,4.1693740148662
"552",39,2012,"ohio",4.11313493706341,4.3227929088524
"553",39,2013,"ohio",4.09447491209836,4.11313493706341
"554",39,2014,"ohio",3.83522395510185,4.09447491209836
"555",39,2015,"ohio",4.35536695688101,3.83522395510185
"556",39,2016,"ohio",5.37172186375887,4.35536695688101
"557",39,2017,"ohio",5.88127926225782,5.37172186375887
"558",40,2000,"oklahoma",5.84767388507005,NA
"559",40,2001,"oklahoma",6.08577773932105,5.84767388507005
"560",40,2002,"oklahoma",5.33091817900421,6.08577773932105
"561",40,2003,"oklahoma",6.61931951112902,5.33091817900421
"562",40,2004,"oklahoma",5.81521845506382,6.61931951112902
"563",40,2005,"oklahoma",5.66421039075443,5.81521845506382
"564",40,2006,"oklahoma",6.20463037931716,5.66421039075443
"565",40,2007,"oklahoma",6.96135676568211,6.20463037931716
"566",40,2008,"oklahoma",6.29603464290854,6.96135676568211
"567",40,2009,"oklahoma",6.34822943577152,6.29603464290854
"568",40,2010,"oklahoma",5.57132617022507,6.34822943577152
"569",40,2011,"oklahoma",5.99289142755162,5.57132617022507
"570",40,2012,"oklahoma",6.25883831770806,5.99289142755162
"571",40,2013,"oklahoma",5.60572302797282,6.25883831770806
"572",40,2014,"oklahoma",5.13102550635358,5.60572302797282
"573",40,2015,"oklahoma",6.9056693243263,5.13102550635358
"574",40,2016,"oklahoma",6.79948323927381,6.9056693243263
"575",40,2017,"oklahoma",6.9164734122625,6.79948323927381
"576",42,2000,"pennsylvania",4.8599120184973,NA
"577",42,2001,"pennsylvania",5.05733406943834,4.8599120184973
"578",42,2002,"pennsylvania",5.06851373579387,5.05733406943834
"579",42,2003,"pennsylvania",5.30115660570175,5.06851373579387
"580",42,2004,"pennsylvania",5.55970877439685,5.30115660570175
"581",42,2005,"pennsylvania",6.2650652731448,5.55970877439685
"582",42,2006,"pennsylvania",6.22661572085386,6.2650652731448
"583",42,2007,"pennsylvania",6.27987867178895,6.22661572085386
"584",42,2008,"pennsylvania",5.93865425654431,6.27987867178895
"585",42,2009,"pennsylvania",5.84991163554529,5.93865425654431
"586",42,2010,"pennsylvania",5.50290618788811,5.84991163554529
"587",42,2011,"pennsylvania",5.40621846944698,5.50290618788811
"588",42,2012,"pennsylvania",5.9999246484659,5.40621846944698
"589",42,2013,"pennsylvania",5.17351183853697,5.9999246484659
"590",42,2014,"pennsylvania",5.05117599743719,5.17351183853697
"591",42,2015,"pennsylvania",5.44355638175254,5.05117599743719
"592",42,2016,"pennsylvania",5.47579238235925,5.44355638175254
"593",42,2017,"pennsylvania",6.17648468423347,5.47579238235925
"594",44,2000,"rhode island",4.28462068729124,NA
"595",44,2001,"rhode island",3.68919218042609,4.28462068729124
"596",44,2002,"rhode island",3.84617188635969,3.68919218042609
"597",44,2003,"rhode island",2.33352188190139,3.84617188635969
"598",44,2004,"rhode island",2.79179101769158,2.33352188190139
"599",44,2005,"rhode island",3.18377100820664,2.79179101769158
"600",44,2006,"rhode island",2.63381670140796,3.18377100820664
"601",44,2007,"rhode island",1.79700467694112,2.63381670140796
"602",44,2008,"rhode island",2.93838027000871,1.79700467694112
"603",44,2009,"rhode island",3.03707317258358,2.93838027000871
"604",44,2010,"rhode island",2.85017485822755,3.03707317258358
"605",44,2011,"rhode island",1.89836892142271,2.85017485822755
"606",44,2012,"rhode island",3.50843589186811,1.89836892142271
"607",44,2013,"rhode island",2.93804887017805,3.50843589186811
"608",44,2014,"rhode island",2.55677702158204,2.93804887017805
"609",44,2015,"rhode island",2.93512521149471,2.55677702158204
"610",44,2016,"rhode island",2.9326539666983,2.93512521149471
"611",44,2017,"rhode island",1.89306815234655,2.9326539666983
"612",45,2000,"south carolina",7.15666104984739,NA
"613",45,2001,"south carolina",8.1918919949471,7.15666104984739
"614",45,2002,"south carolina",7.57097177439478,8.1918919949471
"615",45,2003,"south carolina",7.42115564259618,7.57097177439478
"616",45,2004,"south carolina",6.81561112165248,7.42115564259618
"617",45,2005,"south carolina",7.51730032902825,6.81561112165248
"618",45,2006,"south carolina",8.32980139045726,7.51730032902825
"619",45,2007,"south carolina",8.14561295737504,8.32980139045726
"620",45,2008,"south carolina",7.0214237327655,8.14561295737504
"621",45,2009,"south carolina",6.71042678314341,7.0214237327655
"622",45,2010,"south carolina",6.01033778098329,6.71042678314341
"623",45,2011,"south carolina",7.02141660505088,6.01033778098329
"624",45,2012,"south carolina",7.39859473338772,7.02141660505088
"625",45,2013,"south carolina",6.31801707459857,7.39859473338772
"626",45,2014,"south carolina",6.86182014858432,6.31801707459857
"627",45,2015,"south carolina",8.56456115413491,6.86182014858432
"628",45,2016,"south carolina",7.82536527615169,8.56456115413491
"629",45,2017,"south carolina",7.88653113915167,7.82536527615169
"630",46,2000,"south dakota",1.05841946221707,NA
"631",46,2001,"south dakota",1.31930994812473,1.05841946221707
"632",46,2002,"south dakota",1.57890581826794,1.31930994812473
"633",46,2003,"south dakota",1.44030146819094,1.57890581826794
"634",46,2004,"south dakota",2.07685398158869,1.44030146819094
"635",46,2005,"south dakota",1.93425343620123,2.07685398158869
"636",46,2006,"south dakota",1.40479392311691,1.93425343620123
"637",46,2007,"south dakota",1.89484135756541,1.40479392311691
"638",46,2008,"south dakota",3.00328860101811,1.89484135756541
"639",46,2009,"south dakota",2.23029810412271,3.00328860101811
"640",46,2010,"south dakota",2.0879903706797,2.23029810412271
"641",46,2011,"south dakota",2.30727008660763,2.0879903706797
"642",46,2012,"south dakota",1.91962528914356,2.30727008660763
"643",46,2013,"south dakota",1.54344806297268,1.91962528914356
"644",46,2014,"south dakota",2.35546845556644,1.54344806297268
"645",46,2015,"south dakota",2.92763015365374,2.35546845556644
"646",46,2016,"south dakota",2.7813510412683,2.92763015365374
"647",46,2017,"south dakota",2.74824055349565,2.7813510412683
"648",47,2000,"tennessee",7.62660292346099,NA
"649",47,2001,"tennessee",7.59895729090391,7.62660292346099
"650",47,2002,"tennessee",7.79859204357273,7.59895729090391
"651",47,2003,"tennessee",7.28477591276874,7.79859204357273
"652",47,2004,"tennessee",6.46273631917391,7.28477591276874
"653",47,2005,"tennessee",7.72818552719495,6.46273631917391
"654",47,2006,"tennessee",7.29211797595769,7.72818552719495
"655",47,2007,"tennessee",7.20562939391589,7.29211797595769
"656",47,2008,"tennessee",6.88285115226131,7.20562939391589
"657",47,2009,"tennessee",7.62763321835852,6.88285115226131
"658",47,2010,"tennessee",6.25580572650468,7.62763321835852
"659",47,2011,"tennessee",6.5807881627096,6.25580572650468
"660",47,2012,"tennessee",6.82035087295066,6.5807881627096
"661",47,2013,"tennessee",5.59026413151012,6.82035087295066
"662",47,2014,"tennessee",6.32947581849754,5.59026413151012
"663",47,2015,"tennessee",6.84286357605926,6.32947581849754
"664",47,2016,"tennessee",7.8856152382592,6.84286357605926
"665",47,2017,"tennessee",8.30253544824897,7.8856152382592
"666",48,2000,"texas",6.22120395431755,NA
"667",48,2001,"texas",6.38848099652048,6.22120395431755
"668",48,2002,"texas",6.35306294396234,6.38848099652048
"669",48,2003,"texas",6.73144498523462,6.35306294396234
"670",48,2004,"texas",6.3900979292555,6.73144498523462
"671",48,2005,"texas",6.49746249943422,6.3900979292555
"672",48,2006,"texas",6.26723596913986,6.49746249943422
"673",48,2007,"texas",6.43253228235351,6.26723596913986
"674",48,2008,"texas",6.08004290091435,6.43253228235351
"675",48,2009,"texas",5.92699849014753,6.08004290091435
"676",48,2010,"texas",5.40055558911571,5.92699849014753
"677",48,2011,"texas",4.70244609470235,5.40055558911571
"678",48,2012,"texas",4.85633750127445,4.70244609470235
"679",48,2013,"texas",4.80190916660299,4.85633750127445
"680",48,2014,"texas",4.88561760915964,4.80190916660299
"681",48,2015,"texas",5.14064671154685,4.88561760915964
"682",48,2016,"texas",5.68411795876308,5.14064671154685
"683",48,2017,"texas",5.26079471824684,5.68411795876308
"684",49,2000,"utah",2.18311233405005,NA
"685",49,2001,"utah",3.37169918312924,2.18311233405005
"686",49,2002,"utah",2.4518079933242,3.37169918312924
"687",49,2003,"utah",2.2880027727204,2.4518079933242
"688",49,2004,"utah",2.41507674114541,2.2880027727204
"689",49,2005,"utah",2.44128803984508,2.41507674114541
"690",49,2006,"utah",2.05899251120666,2.44128803984508
"691",49,2007,"utah",2.30969463527227,2.05899251120666
"692",49,2008,"utah",1.76490755451781,2.30969463527227
"693",49,2009,"utah",1.50545949377639,1.76490755451781
"694",49,2010,"utah",2.09849541496842,1.50545949377639
"695",49,2011,"utah",1.95436313346239,2.09849541496842
"696",49,2012,"utah",1.75225436285053,1.95436313346239
"697",49,2013,"utah",1.75987869949795,1.75225436285053
"698",49,2014,"utah",2.24688576526376,1.75987869949795
"699",49,2015,"utah",2.04526609750152,2.24688576526376
"700",49,2016,"utah",2.46498650995049,2.04526609750152
"701",49,2017,"utah",2.6102777915632,2.46498650995049
"702",50,2000,"vermont",1.64037151133989,NA
"703",50,2001,"vermont",1.14337422801822,1.64037151133989
"704",50,2002,"vermont",0.974909089727383,1.14337422801822
"705",50,2003,"vermont",2.42774229677369,0.974909089727383
"706",50,2004,"vermont",2.58097819073429,2.42774229677369
"707",50,2005,"vermont",1.60974863775022,2.58097819073429
"708",50,2006,"vermont",2.24758063998253,1.60974863775022
"709",50,2007,"vermont",2.08506754816907,2.24758063998253
"710",50,2008,"vermont",2.88391751355041,2.08506754816907
"711",50,2009,"vermont",1.2803748937689,2.88391751355041
"712",50,2010,"vermont",1.11867370046073,1.2803748937689
"713",50,2011,"vermont",1.7544447262189,1.11867370046073
"714",50,2012,"vermont",1.59728334049449,1.7544447262189
"715",50,2013,"vermont",1.75659361366438,1.59728334049449
"716",50,2014,"vermont",1.75938632604947,1.75659361366438
"717",50,2015,"vermont",1.75944542280273,1.75938632604947
"718",50,2016,"vermont",1.4431310170546,1.75944542280273
"719",50,2017,"vermont",2.24170369480805,1.4431310170546
"720",51,2000,"virginia",5.60104489040458,NA
"721",51,2001,"virginia",5.23730259745203,5.60104489040458
"722",51,2002,"virginia",5.28347344601724,5.23730259745203
"723",51,2003,"virginia",5.68754320802142,5.28347344601724
"724",51,2004,"virginia",5.24374379228354,5.68754320802142
"725",51,2005,"virginia",6.13690848945607,5.24374379228354
"726",51,2006,"virginia",5.31684416629473,6.13690848945607
"727",51,2007,"virginia",5.12191975229003,5.31684416629473
"728",51,2008,"virginia",4.876494479604,5.12191975229003
"729",51,2009,"virginia",4.94578748228758,4.876494479604
"730",51,2010,"virginia",4.73689367760927,4.94578748228758
"731",51,2011,"virginia",3.93804358735278,4.73689367760927
"732",51,2012,"virginia",4.08052114363569,3.93804358735278
"733",51,2013,"virginia",4.07122067433712,4.08052114363569
"734",51,2014,"virginia",4.25886385061927,4.07122067433712
"735",51,2015,"virginia",4.7351955486292,4.25886385061927
"736",51,2016,"virginia",5.93274525838116,4.7351955486292
"737",51,2017,"virginia",5.41038157720183,5.93274525838116
"738",53,2000,"washington",3.43455863045367,NA
"739",53,2001,"washington",3.22433951994429,3.43455863045367
"740",53,2002,"washington",3.4366821873623,3.22433951994429
"741",53,2003,"washington",3.3420078094859,3.4366821873623
"742",53,2004,"washington",3.36643390257896,3.3420078094859
"743",53,2005,"washington",3.61177855322699,3.36643390257896
"744",53,2006,"washington",3.1550430537803,3.61177855322699
"745",53,2007,"washington",2.78569335985107,3.1550430537803
"746",53,2008,"washington",3.10869885561785,2.78569335985107
"747",53,2009,"washington",2.92466688044232,3.10869885561785
"748",53,2010,"washington",2.60240849188197,2.92466688044232
"749",53,2011,"washington",2.60933747015937,2.60240849188197
"750",53,2012,"washington",3.11916245120324,2.60933747015937
"751",53,2013,"washington",2.78619300619598,3.11916245120324
"752",53,2014,"washington",2.92097528245193,2.78619300619598
"753",53,2015,"washington",3.12694430674877,2.92097528245193
"754",53,2016,"washington",2.85139307001815,3.12694430674877
"755",53,2017,"washington",3.21866795090171,2.85139307001815
"756",54,2000,"west virginia",3.20970259891833,NA
"757",54,2001,"west virginia",2.22039533028658,3.20970259891833
"758",54,2002,"west virginia",4.2095607987974,2.22039533028658
"759",54,2003,"west virginia",3.5866125547993,4.2095607987974
"760",54,2004,"west virginia",3.30316806849449,3.5866125547993
"761",54,2005,"west virginia",4.28455604309165,3.30316806849449
"762",54,2006,"west virginia",4.15774938837318,4.28455604309165
"763",54,2007,"west virginia",3.38049302855099,4.15774938837318
"764",54,2008,"west virginia",3.4776749569366,3.38049302855099
"765",54,2009,"west virginia",4.16717403363505,3.4776749569366
"766",54,2010,"west virginia",3.07610278284765,4.16717403363505
"767",54,2011,"west virginia",4.25629581579183,3.07610278284765
"768",54,2012,"west virginia",3.87771413060572,4.25629581579183
"769",54,2013,"west virginia",3.12858539932347,3.87771413060572
"770",54,2014,"west virginia",4.00115276455325,3.12858539932347
"771",54,2015,"west virginia",3.90880327644577,4.00115276455325
"772",54,2016,"west virginia",4.15089825984514,3.90880327644577
"773",54,2017,"west virginia",4.34771123272473,4.15089825984514
"774",55,2000,"wisconsin",3.20059605519093,NA
"775",55,2001,"wisconsin",3.56955594169232,3.20059605519093
"776",55,2002,"wisconsin",3.04857780172564,3.56955594169232
"777",55,2003,"wisconsin",3.52241010234518,3.04857780172564
"778",55,2004,"wisconsin",2.79287765418589,3.52241010234518
"779",55,2005,"wisconsin",3.96670420611284,2.79287765418589
"780",55,2006,"wisconsin",3.11959058062931,3.96670420611284
"781",55,2007,"wisconsin",3.3328729097139,3.11959058062931
"782",55,2008,"wisconsin",2.8363785402436,3.3328729097139
"783",55,2009,"wisconsin",2.71640198798292,2.8363785402436
"784",55,2010,"wisconsin",2.98928114118797,2.71640198798292
"785",55,2011,"wisconsin",2.57679777659163,2.98928114118797
"786",55,2012,"wisconsin",3.05951811715507,2.57679777659163
"787",55,2013,"wisconsin",3.17241629353008,3.05951811715507
"788",55,2014,"wisconsin",2.97289243657916,3.17241629353008
"789",55,2015,"wisconsin",4.42600295830566,2.97289243657916
"790",55,2016,"wisconsin",4.57304556866688,4.42600295830566
"791",55,2017,"wisconsin",3.83283917907491,4.57304556866688
"792",56,2000,"wyoming",2.42767550070807,NA
"793",56,2001,"wyoming",2.02160284803409,2.42767550070807
"794",56,2002,"wyoming",3.19989120369907,2.02160284803409
"795",56,2003,"wyoming",3.37668064347615,3.19989120369907
"796",56,2004,"wyoming",2.55349573566212,3.37668064347615
"797",56,2005,"wyoming",3.30638306976274,2.55349573566212
"798",56,2006,"wyoming",1.72193767733566,3.30638306976274
"799",56,2007,"wyoming",3.36526596818702,1.72193767733566
"800",56,2008,"wyoming",2.01449336407572,3.36526596818702
"801",56,2009,"wyoming",2.14342744766018,2.01449336407572
"802",56,2010,"wyoming",1.41938093700433,2.14342744766018
"803",56,2011,"wyoming",3.52594389518074,1.41938093700433
"804",56,2012,"wyoming",2.95000607354192,3.52594389518074
"805",56,2013,"wyoming",2.92034501299554,2.95000607354192
"806",56,2014,"wyoming",2.40323544154301,2.92034501299554
"807",56,2015,"wyoming",3.07341360634353,2.40323544154301
"808",56,2016,"wyoming",3.93640144448818,3.07341360634353
"809",56,2017,"wyoming",2.41823765748773,3.93640144448818
